,accuracy,precision,recall,spec,roc_auc,bal_acc,f1
0,0.9090909090909091,1.0,1.0,1.0,1.0,1.0,1.0
1,0.9090909090909091,1.0,0.9951219512195122,1.0,1.0,0.9975609756097561,0.9975550122249389
2,0.9090909090909091,0.9863013698630136,0.9863013698630136,0.9984423676012462,0.9989117910638843,0.9923718687321299,0.9863013698630136
3,0.9090909090909091,0.9411764705882353,0.8421052631578947,0.9985632183908046,0.999092558983666,0.9203342407743497,0.8888888888888888
4,0.9090909090909091,0.7704918032786885,0.7966101694915254,0.9786585365853658,0.9795111616370401,0.8876343530384456,0.7833333333333333
5,0.9090909090909091,0.8524590163934426,0.8666666666666667,0.9495327102803738,0.9798026998961579,0.9080996884735202,0.8595041322314049
6,0.9090909090909091,0.6986301369863014,0.6891891891891891,0.9656786271450858,0.9572247754775056,0.8274339081671375,0.6938775510204082
7,0.9090909090909091,1.0,0.9473684210526315,1.0,0.9999243799153056,0.9736842105263157,0.972972972972973
