,accuracy,precision,recall,spec,roc_auc,bal_acc,f1
0,0.8867132867132868,1.0,1.0,1.0,1.0,1.0,1.0
1,0.8867132867132868,1.0,0.9951219512195122,1.0,0.9998565279770445,0.9975609756097561,0.9975550122249389
2,0.8867132867132868,0.9863013698630136,0.9863013698630136,0.9984423676012462,0.9888191866171638,0.9923718687321299,0.9863013698630136
3,0.8867132867132868,0.782608695652174,0.9473684210526315,0.992816091954023,0.9960677555958862,0.9700922565033272,0.8571428571428571
4,0.8867132867132868,0.7777777777777778,0.711864406779661,0.9817073170731707,0.9744987598181066,0.8467858619264159,0.7433628318584071
5,0.8867132867132868,0.7644230769230769,0.8833333333333333,0.908411214953271,0.9680373831775702,0.8958722741433022,0.8195876288659792
6,0.8867132867132868,0.7142857142857143,0.47297297297297297,0.9781591263650546,0.954336551840452,0.7255660496690138,0.5691056910569106
7,0.8867132867132868,1.0,0.9473684210526315,1.0,1.0,0.9736842105263157,0.972972972972973
