,accuracy,precision,recall,spec,roc_auc,bal_acc,f1
0,0.8909090909090909,0.9772727272727273,1.0,0.9968203497615262,1.0,0.9984101748807631,0.9885057471264368
1,0.8909090909090909,1.0,0.9853658536585366,1.0,1.0,0.9926829268292683,0.9926289926289926
2,0.8909090909090909,0.9863013698630136,0.9863013698630136,0.9984423676012462,0.990291469295438,0.9923718687321299,0.9863013698630136
3,0.8909090909090909,0.7894736842105263,0.7894736842105263,0.9942528735632183,0.9975045372050817,0.8918632788868723,0.7894736842105263
4,0.8909090909090909,0.8181818181818182,0.6101694915254238,0.9878048780487805,0.9657399751963621,0.7989871847871022,0.6990291262135923
5,0.8909090909090909,0.7436974789915967,0.9833333333333333,0.8859813084112149,0.9771028037383178,0.9346573208722742,0.8468899521531099
6,0.8909090909090909,0.9393939393939394,0.4189189189189189,0.9968798751950078,0.960829784542733,0.7078993970569634,0.5794392523364487
7,0.8909090909090909,1.0,0.9473684210526315,1.0,1.0,0.9736842105263157,0.972972972972973
