,accuracy,precision,recall,spec,roc_auc,bal_acc,f1
0,0.9118881118881119,1.0,1.0,1.0,1.0,1.0,1.0
1,0.9118881118881119,1.0,0.9951219512195122,1.0,1.0,0.9975609756097561,0.9975550122249389
2,0.9118881118881119,0.9863013698630136,0.9863013698630136,0.9984423676012462,0.9890965732087227,0.9923718687321299,0.9863013698630136
3,0.9118881118881119,0.8571428571428571,0.9473684210526315,0.9956896551724138,0.9985632183908046,0.9715290381125227,0.9
4,0.9118881118881119,0.926829268292683,0.6440677966101694,0.9954268292682927,0.982714964861513,0.8197473129392311,0.76
5,0.9118881118881119,0.7685589519650655,0.9777777777777777,0.9009345794392524,0.9823364485981309,0.9393561786085151,0.8606356968215157
6,0.9118881118881119,0.9285714285714286,0.527027027027027,0.9953198127925117,0.9569717923852089,0.7611734199097693,0.6724137931034483
7,0.9118881118881119,1.0,1.0,1.0,1.0,1.0,1.0
