,accuracy,precision,recall,spec,roc_auc,bal_acc,f1
0,0.9146853146853147,1.0,1.0,1.0,1.0,1.0,1.0
1,0.9146853146853147,1.0,0.9951219512195122,1.0,0.9998565279770445,0.9975609756097561,0.9975550122249389
2,0.9146853146853147,0.9863013698630136,0.9863013698630136,0.9984423676012462,0.9878376648316477,0.9923718687321299,0.9863013698630136
3,0.9146853146853147,0.9375,0.7894736842105263,0.9985632183908046,0.9980338777979431,0.8940184513006655,0.8571428571428572
4,0.9146853146853147,0.8363636363636363,0.7796610169491526,0.9862804878048781,0.9790977676725919,0.8829707523770154,0.8070175438596492
5,0.9146853146853147,0.8947368421052632,0.85,0.9663551401869159,0.9836967808930426,0.908177570093458,0.8717948717948718
6,0.9146853146853147,0.6521739130434783,0.8108108108108109,0.9500780031201248,0.9678289834296074,0.8804444069654678,0.7228915662650603
7,0.9146853146853147,1.0,0.9473684210526315,1.0,0.9999243799153056,0.9736842105263157,0.972972972972973
