,accuracy,precision,recall,spec,roc_auc,bal_acc,f1
0,0.9468531468531468,1.0,1.0,1.0,1.0,1.0,1.0
1,0.9468531468531468,1.0,1.0,1.0,1.0,1.0,1.0
2,0.9468531468531468,1.0,0.9863013698630136,1.0,1.0,0.9931506849315068,0.993103448275862
3,0.9468531468531468,1.0,0.7368421052631579,1.0,0.9987900786448881,0.868421052631579,0.8484848484848484
4,0.9468531468531468,0.8656716417910447,0.9830508474576272,0.9862804878048781,0.9975196362133113,0.9846656676312526,0.9206349206349207
5,0.9468531468531468,0.9261363636363636,0.9055555555555556,0.9757009345794393,0.9922222222222222,0.9406282450674974,0.9157303370786517
6,0.9468531468531468,0.8108108108108109,0.8108108108108109,0.9781591263650546,0.9856221275878063,0.8944849685879328,0.8108108108108109
7,0.9468531468531468,0.9047619047619048,1.0,0.9971264367816092,1.0,0.9985632183908046,0.9500000000000001
