,accuracy,precision,recall,spec,roc_auc,bal_acc,f1
0,0.9538461538461539,1.0,1.0,1.0,1.0,1.0,1.0
1,0.9538461538461539,1.0,0.9951219512195122,1.0,1.0,0.9975609756097561,0.9975550122249389
2,0.9538461538461539,0.9863013698630136,0.9863013698630136,0.9984423676012462,0.9995519139674818,0.9923718687321299,0.9863013698630136
3,0.9538461538461539,0.9333333333333333,0.7368421052631579,0.9985632183908046,0.9991681790683605,0.8677026618269812,0.8235294117647058
4,0.9538461538461539,0.9032258064516129,0.9491525423728814,0.9908536585365854,0.9982430756510955,0.9700031004547334,0.9256198347107438
5,0.9538461538461539,0.90625,0.9666666666666667,0.9663551401869159,0.9949636552440291,0.9665109034267914,0.9354838709677419
6,0.9538461538461539,0.8923076923076924,0.7837837837837838,0.9890795631825273,0.9893957920478982,0.8864316734831555,0.8345323741007195
7,0.9538461538461539,1.0,0.9473684210526315,1.0,1.0,0.9736842105263157,0.972972972972973
