,accuracy,precision,recall,spec,roc_auc,bal_acc,f1
0,0.9356643356643357,1.0,1.0,1.0,1.0,1.0,1.0
1,0.9356643356643357,1.0,0.9951219512195122,1.0,0.9999904351984696,0.9975609756097561,0.9975550122249389
2,0.9356643356643357,0.9863013698630136,0.9863013698630136,0.9984423676012462,0.9999146502795203,0.9923718687321299,0.9863013698630136
3,0.9356643356643357,1.0,0.7368421052631579,1.0,0.9978070175438596,0.868421052631579,0.8484848484848484
4,0.9356643356643357,0.8852459016393442,0.9152542372881356,0.989329268292683,0.9958402232327408,0.9522917527904093,0.9
5,0.9356643356643357,0.9,0.9,0.9663551401869159,0.9896884735202492,0.9331775700934579,0.9
6,0.9356643356643357,0.75,0.8108108108108109,0.968798751950078,0.9815111523379855,0.8898047813804444,0.7792207792207791
7,0.9356643356643357,1.0,0.8947368421052632,1.0,1.0,0.9473684210526316,0.9444444444444444
