,accuracy,precision,recall,spec,roc_auc,bal_acc,f1
0,0.9608391608391609,1.0,1.0,1.0,1.0,1.0,1.0
1,0.9608391608391609,1.0,1.0,1.0,1.0,1.0,1.0
2,0.9608391608391609,1.0,0.9863013698630136,1.0,0.9998933128494004,0.9931506849315068,0.993103448275862
3,0.9608391608391609,0.9375,0.7894736842105263,0.9985632183908046,0.9993950393224441,0.8940184513006655,0.8571428571428572
4,0.9608391608391609,0.9333333333333333,0.9491525423728814,0.9939024390243902,0.9962794543199669,0.9715274906986358,0.9411764705882353
5,0.9608391608391609,0.9214659685863874,0.9777777777777777,0.9719626168224299,0.9949428868120457,0.9748701973001038,0.9487870619946092
6,0.9608391608391609,0.8840579710144928,0.8243243243243243,0.9875195007800313,0.9896066112914788,0.9059219125521778,0.853146853146853
7,0.9608391608391609,1.0,0.8421052631578947,1.0,1.0,0.9210526315789473,0.9142857142857143
