,accuracy,precision,recall,spec,roc_auc,bal_acc,f1
0,0.9566433566433566,1.0,1.0,1.0,1.0,1.0,1.0
1,0.9566433566433566,1.0,1.0,1.0,1.0,1.0,1.0
2,0.9566433566433566,1.0,0.9863013698630136,1.0,0.9999146502795203,0.9931506849315068,0.993103448275862
3,0.9566433566433566,1.0,0.8947368421052632,1.0,0.9995462794918331,0.9473684210526316,0.9444444444444444
4,0.9566433566433566,0.95,0.9661016949152542,0.9954268292682927,0.996563662670525,0.9807642620917735,0.957983193277311
5,0.9566433566433566,0.9139784946236559,0.9444444444444444,0.9700934579439252,0.9915784008307373,0.9572689511941848,0.9289617486338798
6,0.9566433566433566,0.8333333333333334,0.8108108108108109,0.9812792511700468,0.984019901336594,0.8960450309904289,0.8219178082191781
7,0.9566433566433566,1.0,0.8947368421052632,1.0,0.9992437991530551,0.9473684210526316,0.9444444444444444
