,accuracy,precision,recall,spec,roc_auc,bal_acc,f1
0,0.958041958041958,1.0,1.0,1.0,1.0,1.0,1.0
1,0.958041958041958,1.0,0.9951219512195122,1.0,1.0,0.9975609756097561,0.9975550122249389
2,0.958041958041958,0.9863013698630136,0.9863013698630136,0.9984423676012462,0.9998719754192805,0.9923718687321299,0.9863013698630136
3,0.958041958041958,0.8571428571428571,0.9473684210526315,0.9956896551724138,0.999395039322444,0.9715290381125227,0.9
4,0.958041958041958,0.8923076923076924,0.9830508474576272,0.989329268292683,0.9979330301777595,0.986190057875155,0.9354838709677421
5,0.958041958041958,0.9382022471910112,0.9277777777777778,0.9794392523364486,0.9929802699896157,0.9536085150571132,0.9329608938547486
6,0.958041958041958,0.8840579710144928,0.8243243243243243,0.9875195007800313,0.9857064552852384,0.9059219125521778,0.853146853146853
7,0.958041958041958,1.0,1.0,1.0,1.0,1.0,1.0
