,accuracy,precision,recall,spec,roc_auc,bal_acc,f1
0,0.9622377622377623,1.0,1.0,1.0,1.0,1.0,1.0
1,0.9622377622377623,1.0,1.0,1.0,1.0,1.0,1.0
2,0.9622377622377623,1.0,0.9863013698630136,1.0,0.9999786625698801,0.9931506849315068,0.993103448275862
3,0.9622377622377623,0.9411764705882353,0.8421052631578947,0.9985632183908046,0.9987900786448881,0.9203342407743497,0.8888888888888888
4,0.9622377622377623,0.90625,0.9830508474576272,0.9908536585365854,0.9992765605622158,0.9869522529971062,0.943089430894309
5,0.9622377622377623,0.9293478260869565,0.95,0.9757009345794393,0.9956178608515057,0.9628504672897196,0.9395604395604396
6,0.9622377622377623,0.8985507246376812,0.8378378378378378,0.9890795631825273,0.9929375553400515,0.9134587005101826,0.8671328671328672
7,0.9622377622377623,1.0,0.9473684210526315,1.0,1.0,0.9736842105263157,0.972972972972973
