,accuracy,precision,recall,spec,roc_auc,bal_acc,f1
0,0.9636363636363636,1.0,1.0,1.0,1.0,1.0,1.0
1,0.9636363636363636,1.0,0.9951219512195122,1.0,1.0,0.9975609756097561,0.9975550122249389
2,0.9636363636363636,0.9863013698630136,0.9863013698630136,0.9984423676012462,0.9996159262578415,0.9923718687321299,0.9863013698630136
3,0.9636363636363636,1.0,0.8947368421052632,1.0,0.999546279491833,0.9473684210526316,0.9444444444444444
4,0.9636363636363636,0.9508196721311475,0.9830508474576272,0.9954268292682927,0.9994057461761058,0.98923883836296,0.9666666666666667
5,0.9636363636363636,0.9297297297297298,0.9555555555555556,0.9757009345794393,0.9926998961578402,0.9656282450674974,0.9424657534246577
6,0.9636363636363636,0.8732394366197183,0.8378378378378378,0.9859594383775351,0.9853058987224353,0.9118986381076865,0.8551724137931033
7,0.9636363636363636,1.0,0.9473684210526315,1.0,0.9997731397459165,0.9736842105263157,0.972972972972973
