,accuracy,precision,recall,spec,roc_auc,bal_acc,f1
0,0.8909090909090909,1.0,1.0,1.0,1.0,1.0,1.0
1,0.8909090909090909,1.0,0.9951219512195122,1.0,0.9999713055954089,0.9975609756097561,0.9975550122249389
2,0.8909090909090909,0.9863013698630136,0.9863013698630136,0.9984423676012462,0.9974181709554901,0.9923718687321299,0.9863013698630136
3,0.8909090909090909,0.85,0.8947368421052632,0.9956896551724138,0.9989413188142771,0.9452132486388385,0.8717948717948718
4,0.8909090909090909,0.7580645161290323,0.7966101694915254,0.9771341463414634,0.9830766845804051,0.8868721579164944,0.7768595041322315
5,0.8909090909090909,0.8484848484848485,0.7777777777777778,0.9532710280373832,0.9777673935617861,0.8655244029075805,0.8115942028985507
6,0.8909090909090909,0.6091954022988506,0.7162162162162162,0.9469578783151326,0.9517434751444112,0.8315870472656743,0.6583850931677019
7,0.8909090909090909,1.0,0.9473684210526315,1.0,1.0,0.9736842105263157,0.972972972972973
