,accuracy,precision,recall,spec,roc_auc,bal_acc,f1
0,0.8741258741258742,0.9885057471264368,1.0,0.9984101748807631,1.0,0.9992050874403815,0.9942196531791908
1,0.8741258741258742,1.0,0.9853658536585366,1.0,0.9999904351984696,0.9926829268292683,0.9926289926289926
2,0.8741258741258742,0.972972972972973,0.9863013698630136,0.9968847352024922,0.9998079631289208,0.991593052532753,0.979591836734694
3,0.8741258741258742,0.8666666666666667,0.6842105263157895,0.9971264367816092,0.9968995765275257,0.8406684815486993,0.7647058823529413
4,0.8741258741258742,0.8536585365853658,0.5932203389830508,0.9908536585365854,0.9624586606035552,0.7920369987598181,0.6999999999999998
5,0.8741258741258742,0.728448275862069,0.9388888888888889,0.8822429906542056,0.9589200415368639,0.9105659397715473,0.8203883495145631
6,0.8741258741258742,0.6904761904761905,0.3918918918918919,0.9797191887675507,0.9313361723658135,0.6858055403297213,0.5
7,0.8741258741258742,0.8636363636363636,1.0,0.9956896551724138,0.9999243799153056,0.9978448275862069,0.9268292682926829
