,accuracy,precision,recall,spec,roc_auc,bal_acc,f1
0,0.9244755244755245,1.0,1.0,1.0,1.0,1.0,1.0
1,0.9244755244755245,1.0,0.9951219512195122,1.0,1.0,0.9975609756097561,0.9975550122249389
2,0.9244755244755245,0.9863013698630136,0.9863013698630136,0.9984423676012462,0.9912089787905944,0.9923718687321299,0.9863013698630136
3,0.9244755244755245,0.7619047619047619,0.8421052631578947,0.992816091954023,0.9976557773744706,0.9174606775559588,0.8
4,0.9244755244755245,0.88,0.7457627118644068,0.9908536585365854,0.9813972715998346,0.8683081852004961,0.8073394495412843
5,0.9244755244755245,0.8783068783068783,0.9222222222222223,0.9570093457943926,0.9878296988577362,0.9396157840083075,0.8997289972899728
6,0.9244755244755245,0.7432432432432432,0.7432432432432432,0.9703588143525741,0.9763249989459037,0.8568010287979086,0.7432432432432431
7,0.9244755244755245,1.0,0.9473684210526315,1.0,0.9999243799153056,0.9736842105263157,0.972972972972973
