,accuracy,precision,recall,spec,roc_auc,bal_acc,f1
0,0.9006993006993007,1.0,0.9883720930232558,1.0,0.9999815136614042,0.9941860465116279,0.9941520467836257
1,0.9006993006993007,0.9950980392156863,0.9902439024390244,0.9980392156862745,0.9999521759923482,0.9941415590626494,0.9926650366748165
2,0.9006993006993007,0.972972972972973,0.9863013698630136,0.9968847352024922,0.98980070840268,0.991593052532753,0.979591836734694
3,0.9006993006993007,0.6818181818181818,0.7894736842105263,0.9899425287356322,0.9960677555958862,0.8897081064730792,0.7317073170731707
4,0.9006993006993007,0.7313432835820896,0.8305084745762712,0.9725609756097561,0.9770824720959074,0.9015347250930137,0.7777777777777778
5,0.9006993006993007,0.8547486033519553,0.85,0.9514018691588785,0.9811734164070612,0.9007009345794392,0.852367688022284
6,0.9006993006993007,0.7424242424242424,0.6621621621621622,0.9734789391575663,0.9633596154656996,0.8178205506598643,0.7000000000000001
7,0.9006993006993007,1.0,0.9473684210526315,1.0,1.0,0.9736842105263157,0.972972972972973
