,accuracy,precision,recall,spec,roc_auc,bal_acc,f1
0,0.9034965034965035,1.0,1.0,1.0,1.0,1.0,1.0
1,0.9034965034965035,0.9951219512195122,0.9951219512195122,0.9980392156862745,0.9999904351984696,0.9965805834528934,0.9951219512195122
2,0.9034965034965035,0.9861111111111112,0.9726027397260274,0.9984423676012462,0.9932360346519864,0.9855225536636367,0.9793103448275863
3,0.9034965034965035,0.7619047619047619,0.8421052631578947,0.992816091954023,0.9978070175438596,0.9174606775559588,0.8
4,0.9034965034965035,0.8301886792452831,0.7457627118644068,0.9862804878048781,0.9805188094253824,0.8660215998346424,0.7857142857142858
5,0.9034965034965035,0.7906976744186046,0.9444444444444444,0.9158878504672897,0.979491173416407,0.9301661474558671,0.8607594936708861
6,0.9034965034965035,0.8260869565217391,0.5135135135135135,0.9875195007800313,0.9658894463886663,0.7505165071467723,0.6333333333333333
7,0.9034965034965035,1.0,0.8947368421052632,1.0,0.9999243799153056,0.9473684210526316,0.9444444444444444
