,accuracy,precision,recall,spec,roc_auc,bal_acc,f1
0,0.9986013986013986,1.0,1.0,1.0,1.0,1.0,1.0
1,0.9986013986013986,1.0,0.9951219512195122,1.0,1.0,0.9975609756097561,0.9975550122249389
2,0.9986013986013986,0.9863013698630136,0.9863013698630136,0.9984423676012462,0.9943029061579823,0.9923718687321299,0.9863013698630136
3,0.9986013986013986,0.8571428571428571,0.9473684210526315,0.9956896551724138,0.9989413188142771,0.9715290381125227,0.9
4,0.9986013986013986,0.9111111111111111,0.6949152542372882,0.9939024390243902,0.9821982224059529,0.8444088466308393,0.7884615384615385
5,0.9986013986013986,0.8169014084507042,0.9666666666666667,0.9271028037383178,0.9856282450674975,0.9468847352024923,0.8854961832061069
6,0.9986013986013986,0.8545454545454545,0.6351351351351351,0.9875195007800313,0.9687355061770038,0.8113273179575832,0.7286821705426355
7,0.9986013986013986,1.0,0.9473684210526315,1.0,1.0,0.9736842105263157,0.972972972972973
