,accuracy,precision,recall,spec,roc_auc,bal_acc,f1
0,0.9632867132867133,1.0,1.0,1.0,1.0,1.0,1.0
1,0.9632867132867133,1.0,1.0,1.0,1.0,1.0,1.0
2,0.9632867132867133,1.0,1.0,1.0,1.0,1.0,1.0
3,0.9632867132867133,1.0,0.8666666666666667,1.0,0.9980849790544585,0.9333333333333333,0.9285714285714286
4,0.9632867132867133,0.9285714285714286,0.8297872340425532,0.9942857142857143,0.9969604863221885,0.9120364741641338,0.8764044943820225
5,0.9632867132867133,0.9139072847682119,0.965034965034965,0.9696969696969697,0.9936916230622524,0.9673659673659674,0.9387755102040817
6,0.9632867132867133,0.9152542372881356,0.9,0.990234375,0.9941731770833333,0.9451171875,0.9075630252100839
7,0.9632867132867133,1.0,1.0,1.0,1.0,1.0,1.0
