,accuracy,precision,recall,spec,roc_auc,bal_acc,f1
0,0.9986013986013986,1.0,1.0,1.0,1.0,1.0,1.0
1,0.9986013986013986,1.0,0.9951219512195122,1.0,1.0,0.9975609756097561,0.9975550122249389
2,0.9986013986013986,0.9863013698630136,0.9863013698630136,0.9984423676012462,0.9999359877096403,0.9923718687321299,0.9863013698630136
3,0.9986013986013986,1.0,0.7368421052631579,1.0,0.9996218995765276,0.868421052631579,0.8484848484848484
4,0.9986013986013986,0.90625,0.9830508474576272,0.9908536585365854,0.9973646134766433,0.9869522529971062,0.943089430894309
5,0.9986013986013986,0.925531914893617,0.9666666666666667,0.9738317757009346,0.9944132917964693,0.9702492211838006,0.9456521739130436
6,0.9986013986013986,0.8970588235294118,0.8243243243243243,0.9890795631825273,0.9903023147952944,0.9067019437534258,0.8591549295774648
7,0.9986013986013986,1.0,0.9473684210526315,1.0,1.0,0.9736842105263157,0.972972972972973
