,accuracy,precision,recall,spec,roc_auc,bal_acc,f1
0,0.9566433566433566,1.0,1.0,1.0,1.0,1.0,1.0
1,0.9566433566433566,1.0,1.0,1.0,1.0,1.0,1.0
2,0.9566433566433566,1.0,0.9863013698630136,1.0,0.9999786625698801,0.9931506849315068,0.993103448275862
3,0.9566433566433566,0.9375,0.7894736842105263,0.9985632183908046,0.999395039322444,0.8940184513006655,0.8571428571428572
4,0.9566433566433566,0.8507462686567164,0.9661016949152542,0.9847560975609756,0.9987598181066557,0.9754288962381149,0.9047619047619047
5,0.9566433566433566,0.9105263157894737,0.9611111111111111,0.9682242990654205,0.9952232606438214,0.9646677050882658,0.9351351351351351
6,0.9566433566433566,0.9508196721311475,0.7837837837837838,0.9953198127925117,0.9930640468861998,0.8895517982881478,0.8592592592592593
7,0.9566433566433566,1.0,0.9473684210526315,1.0,1.0,0.9736842105263157,0.972972972972973
