,accuracy,precision,recall,spec,roc_auc,bal_acc,f1
0,0.9398601398601398,1.0,1.0,1.0,1.0,1.0,1.0
1,0.9398601398601398,1.0,0.9951219512195122,1.0,1.0,0.9975609756097561,0.9975550122249389
2,0.9398601398601398,0.9863013698630136,0.9863013698630136,0.9984423676012462,0.9995519139674818,0.9923718687321299,0.9863013698630136
3,0.9398601398601398,0.8888888888888888,0.8421052631578947,0.9971264367816092,0.9983363581367212,0.919615849969752,0.8648648648648649
4,0.9398601398601398,0.8636363636363636,0.9661016949152542,0.9862804878048781,0.9956335262505167,0.9761910913600662,0.912
5,0.9398601398601398,0.8789473684210526,0.9277777777777778,0.9570093457943926,0.9912461059190031,0.9423935617860852,0.9027027027027026
6,0.9398601398601398,0.864406779661017,0.6891891891891891,0.9875195007800313,0.9827549858751106,0.8383543449846103,0.7669172932330828
7,0.9398601398601398,1.0,1.0,1.0,1.0,1.0,1.0
