,accuracy,precision,recall,spec,roc_auc,bal_acc,f1
0,0.9454545454545454,1.0,1.0,1.0,1.0,1.0,1.0
1,0.9454545454545454,1.0,1.0,1.0,1.0,1.0,1.0
2,0.9454545454545454,1.0,0.9863013698630136,1.0,0.9999146502795203,0.9931506849315068,0.993103448275862
3,0.9454545454545454,0.8571428571428571,0.631578947368421,0.9971264367816092,0.9977313974591652,0.814352692075015,0.7272727272727273
4,0.9454545454545454,0.8636363636363636,0.9661016949152542,0.9862804878048781,0.9965119884249689,0.9761910913600662,0.912
5,0.9454545454545454,0.9367816091954023,0.9055555555555556,0.9794392523364486,0.9928868120456906,0.9424974039460021,0.9209039548022598
6,0.9454545454545454,0.7974683544303798,0.8513513513513513,0.9750390015600624,0.9860016022262512,0.9131951764557069,0.8235294117647058
7,0.9454545454545454,0.9473684210526315,0.9473684210526315,0.9985632183908046,0.9999243799153056,0.9729658197217181,0.9473684210526315
