,accuracy,precision,recall,spec,roc_auc,bal_acc,f1
0,1.0,1.0,1.0,1.0,1.0,1.0,1.0
1,1.0,1.0,1.0,1.0,1.0,1.0,1.0
2,1.0,1.0,0.9863013698630136,1.0,0.9998719754192805,0.9931506849315068,0.993103448275862
3,1.0,0.9375,0.7894736842105263,0.9985632183908046,0.9992437991530551,0.8940184513006655,0.8571428571428572
4,1.0,0.8769230769230769,0.9661016949152542,0.9878048780487805,0.9988631665977677,0.9769532864820174,0.9193548387096773
5,1.0,0.9344262295081968,0.95,0.9775700934579439,0.9958878504672897,0.9637850467289719,0.9421487603305784
6,1.0,0.9130434782608695,0.8513513513513513,0.9906396255850234,0.9914829025593457,0.9209954884681874,0.881118881118881
7,1.0,1.0,1.0,1.0,1.0,1.0,1.0
