,accuracy,precision,recall,spec,roc_auc,bal_acc,f1
0,0.9678321678321679,1.0,1.0,1.0,1.0,1.0,1.0
1,0.9678321678321679,1.0,1.0,1.0,1.0,1.0,1.0
2,0.9678321678321679,1.0,0.9863013698630136,1.0,0.9998719754192805,0.9931506849315068,0.993103448275862
3,0.9678321678321679,0.9,0.9473684210526315,0.9971264367816092,0.9994706594071385,0.9722474289171203,0.9230769230769231
4,0.9678321678321679,0.9824561403508771,0.9491525423728814,0.9984756097560976,0.99961244315833,0.9738140760644896,0.9655172413793103
5,0.9678321678321679,0.9259259259259259,0.9722222222222222,0.9738317757009346,0.994288681204569,0.9730269989615784,0.948509485094851
6,0.9678321678321679,0.9104477611940298,0.8243243243243243,0.9906396255850234,0.9868870430492895,0.9074819749546739,0.8652482269503546
7,0.9678321678321679,1.0,1.0,1.0,1.0,1.0,1.0
