,accuracy,precision,recall,spec,roc_auc,bal_acc,f1
0,0.9636363636363636,1.0,1.0,1.0,1.0,1.0,1.0
1,0.9636363636363636,1.0,1.0,1.0,1.0,1.0,1.0
2,0.9636363636363636,1.0,0.9863013698630136,1.0,0.9950497162121793,0.9931506849315068,0.993103448275862
3,0.9636363636363636,1.0,0.6842105263157895,1.0,0.9993950393224441,0.8421052631578947,0.8125000000000001
4,0.9636363636363636,0.8939393939393939,1.0,0.989329268292683,0.9986564696155437,0.9946646341463414,0.944
5,0.9636363636363636,0.9655172413793104,0.9333333333333333,0.9887850467289719,0.997466251298027,0.9610591900311527,0.9491525423728815
6,0.9636363636363636,0.8375,0.9054054054054054,0.9797191887675507,0.9905342159632331,0.942562297086478,0.8701298701298702
7,0.9636363636363636,1.0,1.0,1.0,1.0,1.0,1.0
