,accuracy,precision,recall,spec,roc_auc,bal_acc,f1
0,0.9468531468531468,1.0,1.0,1.0,1.0,1.0,1.0
1,0.9468531468531468,1.0,1.0,1.0,1.0,1.0,1.0
2,0.9468531468531468,1.0,0.9863013698630136,1.0,0.9994665642470021,0.9931506849315068,0.993103448275862
3,0.9468531468531468,0.9333333333333333,0.7368421052631579,0.9985632183908046,0.9976557773744706,0.8677026618269812,0.8235294117647058
4,0.9468531468531468,0.8636363636363636,0.9661016949152542,0.9862804878048781,0.9982430756510955,0.9761910913600662,0.912
5,0.9468531468531468,0.9120879120879121,0.9222222222222223,0.9700934579439252,0.9941433021806854,0.9461578400830737,0.9171270718232044
6,0.9468531468531468,0.8285714285714286,0.7837837837837838,0.9812792511700468,0.9868448792005735,0.8825315174769153,0.8055555555555555
7,0.9468531468531468,1.0,1.0,1.0,1.0,1.0,1.0
