,accuracy,precision,recall,spec,roc_auc,bal_acc,f1
0,0.9622377622377623,1.0,1.0,1.0,1.0,1.0,1.0
1,0.9622377622377623,1.0,1.0,1.0,1.0,1.0,1.0
2,0.9622377622377623,1.0,0.9863013698630136,1.0,0.9981863184398071,0.9931506849315068,0.993103448275862
3,0.9622377622377623,1.0,0.7894736842105263,1.0,0.9998487598306111,0.8947368421052632,0.8823529411764706
4,0.9622377622377623,0.90625,0.9830508474576272,0.9908536585365854,0.9992765605622158,0.9869522529971062,0.943089430894309
5,0.9622377622377623,0.9206349206349206,0.9666666666666667,0.9719626168224299,0.9944652128764279,0.9693146417445483,0.943089430894309
6,0.9622377622377623,0.9076923076923077,0.7972972972972973,0.9906396255850234,0.9863599949403382,0.8939684614411603,0.8489208633093526
7,0.9622377622377623,1.0,1.0,1.0,1.0,1.0,1.0
