,accuracy,precision,recall,spec,roc_auc,bal_acc,f1
0,0.9314685314685315,1.0,1.0,1.0,1.0,1.0,1.0
1,0.9314685314685315,1.0,1.0,1.0,1.0,1.0,1.0
2,0.9314685314685315,1.0,0.9863013698630136,1.0,0.9999359877096403,0.9931506849315068,0.993103448275862
3,0.9314685314685315,0.8,0.8421052631578947,0.9942528735632183,0.9980338777979431,0.9181790683605565,0.8205128205128205
4,0.9314685314685315,0.9285714285714286,0.8813559322033898,0.9939024390243902,0.9975971475816453,0.9376291856138901,0.9043478260869564
5,0.9314685314685315,0.8564102564102564,0.9277777777777778,0.9476635514018692,0.9891692627206645,0.9377206645898235,0.8906666666666667
6,0.9314685314685315,0.7903225806451613,0.6621621621621622,0.9797191887675507,0.9803516464982923,0.8209406754648565,0.7205882352941176
7,0.9314685314685315,1.0,1.0,1.0,1.0,1.0,1.0
