,accuracy,precision,recall,spec,roc_auc,bal_acc,f1
0,1.0,1.0,1.0,1.0,1.0,1.0,1.0
1,1.0,1.0,1.0,1.0,1.0,1.0,1.0
2,1.0,1.0,0.9863013698630136,1.0,0.9997226134084412,0.9931506849315068,0.993103448275862
3,1.0,1.0,0.7894736842105263,1.0,0.999092558983666,0.8947368421052632,0.8823529411764706
4,1.0,0.9206349206349206,0.9830508474576272,0.9923780487804879,0.9994057461761059,0.9877144481190575,0.9508196721311476
5,1.0,0.9301075268817204,0.9611111111111111,0.9757009345794393,0.995877466251298,0.9684060228452752,0.9453551912568307
6,1.0,0.8840579710144928,0.8243243243243243,0.9875195007800313,0.9897752666863431,0.9059219125521778,0.853146853146853
7,1.0,1.0,1.0,1.0,1.0,1.0,1.0
