,accuracy,precision,recall,spec,roc_auc,bal_acc,f1
0,0.951048951048951,1.0,1.0,1.0,1.0,1.0,1.0
1,0.951048951048951,1.0,1.0,1.0,1.0,1.0,1.0
2,0.951048951048951,1.0,0.9863013698630136,1.0,0.9999573251397602,0.9931506849315068,0.993103448275862
3,0.951048951048951,0.7391304347826086,0.8947368421052632,0.9913793103448276,0.9976557773744706,0.9430580762250453,0.8095238095238095
4,0.951048951048951,0.9259259259259259,0.847457627118644,0.9939024390243902,0.996563662670525,0.9206800330715171,0.8849557522123893
5,0.951048951048951,0.9329608938547486,0.9277777777777778,0.9775700934579439,0.9945586708203531,0.9526739356178608,0.9303621169916434
6,0.951048951048951,0.8311688311688312,0.8648648648648649,0.9797191887675507,0.9865918961082767,0.9222920268162078,0.847682119205298
7,0.951048951048951,1.0,1.0,1.0,1.0,1.0,1.0
