,accuracy,precision,recall,spec,roc_auc,bal_acc,f1
0,0.9370629370629371,1.0,1.0,1.0,1.0,1.0,1.0
1,0.9370629370629371,1.0,0.9951219512195122,1.0,1.0,0.9975609756097561,0.9975550122249389
2,0.9370629370629371,0.9863013698630136,0.9863013698630136,0.9984423676012462,0.9998506379891606,0.9923718687321299,0.9863013698630136
3,0.9370629370629371,1.0,0.8421052631578947,1.0,0.9953115547489413,0.9210526315789473,0.9142857142857143
4,0.9370629370629371,0.8636363636363636,0.9661016949152542,0.9862804878048781,0.9976229847044232,0.9761910913600662,0.912
5,0.9370629370629371,0.9325153374233128,0.8444444444444444,0.9794392523364486,0.9912668743509866,0.9119418483904465,0.8862973760932943
6,0.9370629370629371,0.7303370786516854,0.8783783783783784,0.9625585023400937,0.9834296074545685,0.920468440359236,0.7975460122699387
7,0.9370629370629371,1.0,0.9473684210526315,1.0,1.0,0.9736842105263157,0.972972972972973
