,accuracy,precision,recall,spec,roc_auc,bal_acc,f1
0,0.9244755244755245,1.0,1.0,1.0,1.0,1.0,1.0
1,0.9244755244755245,1.0,0.9902439024390244,1.0,1.0,0.9951219512195122,0.9950980392156863
2,0.9244755244755245,0.972972972972973,0.9863013698630136,0.9968847352024922,0.9998933128494004,0.991593052532753,0.979591836734694
3,0.9244755244755245,0.9411764705882353,0.8421052631578947,0.9985632183908046,0.9983363581367212,0.9203342407743497,0.8888888888888888
4,0.9244755244755245,0.875,0.9491525423728814,0.9878048780487805,0.9967186854071931,0.968478710210831,0.9105691056910569
5,0.9244755244755245,0.8941176470588236,0.8444444444444444,0.9663551401869159,0.9853478712357217,0.9053997923156802,0.8685714285714287
6,0.9244755244755245,0.6951219512195121,0.7702702702702703,0.9609984399375975,0.9737108403255049,0.8656343551039338,0.7307692307692307
7,0.9244755244755245,1.0,1.0,1.0,1.0,1.0,1.0
