,accuracy,precision,recall,spec,roc_auc,bal_acc,f1
0,0.9608391608391609,1.0,1.0,1.0,1.0,1.0,1.0
1,0.9608391608391609,1.0,1.0,1.0,1.0,1.0,1.0
2,0.9608391608391609,1.0,0.9863013698630136,1.0,0.9980582938590876,0.9931506849315068,0.993103448275862
3,0.9608391608391609,0.8571428571428571,0.9473684210526315,0.9956896551724138,0.9994706594071385,0.9715290381125227,0.9
4,0.9608391608391609,0.95,0.9661016949152542,0.9954268292682927,0.9993023976849937,0.9807642620917735,0.957983193277311
5,0.9608391608391609,0.9197860962566845,0.9555555555555556,0.9719626168224299,0.9961266874350986,0.9637590861889928,0.9373297002724795
6,0.9608391608391609,0.8939393939393939,0.7972972972972973,0.9890795631825273,0.9920521145170131,0.8931884302399122,0.8428571428571429
7,0.9608391608391609,1.0,0.9473684210526315,1.0,1.0,0.9736842105263157,0.972972972972973
