,accuracy,precision,recall,spec,roc_auc,bal_acc,f1
0,0.9594405594405594,1.0,1.0,1.0,1.0,1.0,1.0
1,0.9594405594405594,1.0,0.9951219512195122,1.0,1.0,0.9975609756097561,0.9975550122249389
2,0.9594405594405594,0.9863013698630136,0.9863013698630136,0.9984423676012462,0.999509239107242,0.9923718687321299,0.9863013698630136
3,0.9594405594405594,0.8947368421052632,0.8947368421052632,0.9971264367816092,0.9990169388989716,0.9459316394434362,0.8947368421052632
4,0.9594405594405594,0.890625,0.9661016949152542,0.989329268292683,0.9988631665977676,0.9777154816039686,0.9268292682926829
5,0.9594405594405594,0.9647058823529412,0.9111111111111111,0.9887850467289719,0.9955763239875389,0.9499480789200415,0.9371428571428572
6,0.9594405594405594,0.8375,0.9054054054054054,0.9797191887675507,0.987076780368512,0.942562297086478,0.8701298701298702
7,0.9594405594405594,1.0,1.0,1.0,1.0,1.0,1.0
