,accuracy,precision,recall,spec,roc_auc,bal_acc,f1
0,1.0,1.0,1.0,1.0,1.0,1.0,1.0
1,1.0,1.0,1.0,1.0,1.0,1.0,1.0
2,1.0,1.0,0.9863013698630136,1.0,0.9998079631289208,0.9931506849315068,0.993103448275862
3,1.0,0.9,0.9473684210526315,0.9971264367816092,0.999395039322444,0.9722474289171203,0.9230769230769231
4,1.0,0.9354838709677419,0.9830508474576272,0.9939024390243902,0.9996899545266639,0.9884766432410087,0.9586776859504132
5,1.0,0.9542857142857143,0.9277777777777778,0.9850467289719627,0.9967601246105919,0.9564122533748702,0.9408450704225352
6,1.0,0.8552631578947368,0.8783783783783784,0.982839313572543,0.9907028713580975,0.9306088459754607,0.8666666666666667
7,1.0,1.0,1.0,1.0,1.0,1.0,1.0
