,accuracy,precision,recall,spec,roc_auc,bal_acc,f1
0,0.9986013986013986,1.0,1.0,1.0,1.0,1.0,1.0
1,0.9986013986013986,1.0,0.9951219512195122,1.0,0.9999808703969393,0.9975609756097561,0.9975550122249389
2,0.9986013986013986,0.9863013698630136,0.9863013698630136,0.9984423676012462,0.9989331284940042,0.9923718687321299,0.9863013698630136
3,0.9986013986013986,0.7894736842105263,0.7894736842105263,0.9942528735632183,0.9978070175438596,0.8918632788868723,0.7894736842105263
4,0.9986013986013986,0.8627450980392157,0.7457627118644068,0.989329268292683,0.9844718892104175,0.8675459900785449,0.8
5,0.9986013986013986,0.8349514563106796,0.9555555555555556,0.9364485981308411,0.9891796469366563,0.9460020768431984,0.8911917098445595
6,0.9986013986013986,0.8275862068965517,0.6486486486486487,0.984399375975039,0.975228738879285,0.8165240123118438,0.7272727272727273
7,0.9986013986013986,1.0,0.9473684210526315,1.0,1.0,0.9736842105263157,0.972972972972973
