,accuracy,precision,recall,spec,roc_auc,bal_acc,f1
0,0.9622377622377623,1.0,1.0,1.0,1.0,1.0,1.0
1,0.9622377622377623,1.0,1.0,1.0,1.0,1.0,1.0
2,0.9622377622377623,1.0,0.9863013698630136,1.0,0.9996799385482013,0.9931506849315068,0.993103448275862
3,0.9622377622377623,0.9473684210526315,0.9473684210526315,0.9985632183908046,0.9996218995765276,0.9729658197217181,0.9473684210526315
4,0.9622377622377623,0.9354838709677419,0.9830508474576272,0.9939024390243902,0.9996382802811079,0.9884766432410087,0.9586776859504132
5,0.9622377622377623,0.9590643274853801,0.9111111111111111,0.9869158878504672,0.9956593977154724,0.9490134994807892,0.9344729344729344
6,0.9622377622377623,0.8170731707317073,0.9054054054054054,0.9765990639625585,0.9874984188556731,0.9410022346839819,0.8589743589743589
7,0.9622377622377623,1.0,0.9473684210526315,1.0,1.0,0.9736842105263157,0.972972972972973
