,accuracy,precision,recall,spec,roc_auc,bal_acc,f1
0,0.9552447552447553,1.0,1.0,1.0,1.0,1.0,1.0
1,0.9552447552447553,1.0,1.0,1.0,1.0,1.0,1.0
2,0.9552447552447553,1.0,0.9863013698630136,1.0,0.999231852515683,0.9931506849315068,0.993103448275862
3,0.9552447552447553,0.9444444444444444,0.8947368421052632,0.9985632183908046,0.999697519661222,0.9466500302480338,0.918918918918919
4,0.9552447552447553,0.9365079365079365,1.0,0.9939024390243902,0.999948325754444,0.9969512195121951,0.9672131147540983
5,0.9552447552447553,0.9526627218934911,0.8944444444444445,0.9850467289719627,0.9948182762201454,0.9397455867082036,0.9226361031518624
6,0.9552447552447553,0.7738095238095238,0.8783783783783784,0.9703588143525741,0.9827128220263945,0.9243685963654762,0.8227848101265823
7,0.9552447552447553,1.0,0.9473684210526315,1.0,0.999092558983666,0.9736842105263157,0.972972972972973
