,accuracy,precision,recall,spec,roc_auc,bal_acc,f1
0,0.965034965034965,1.0,1.0,1.0,1.0,1.0,1.0
1,0.965034965034965,1.0,0.9951219512195122,1.0,1.0,0.9975609756097561,0.9975550122249389
2,0.965034965034965,0.9863013698630136,0.9863013698630136,0.9984423676012462,0.9950070413519396,0.9923718687321299,0.9863013698630136
3,0.965034965034965,0.8947368421052632,0.8947368421052632,0.9971264367816092,0.9981851179673321,0.9459316394434362,0.8947368421052632
4,0.965034965034965,0.9206349206349206,0.9830508474576272,0.9923780487804879,0.9985272840016536,0.9877144481190575,0.9508196721311476
5,0.965034965034965,0.95,0.95,0.983177570093458,0.9966562824506751,0.966588785046729,0.9500000000000001
6,0.965034965034965,0.9,0.8513513513513513,0.9890795631825273,0.9881308765864147,0.9202154572669393,0.875
7,0.965034965034965,0.95,1.0,0.9985632183908046,1.0,0.9992816091954023,0.9743589743589743
